ICMP Messages/sec,ICMP Messages Received/sec,ICMP Messages Received Errors,ICMP Received Dest. Unreachable,ICMP Received Time Exceeded,ICMP Received Parameter Problem,ICMP Received Source Quench,ICMP Received Redirect/sec,ICMP Received Echo/sec,ICMP Received Echo Reply/sec,ICMP Received Timestamp/sec,ICMP Received Timestamp Reply/sec,ICMP Received Address Mask,ICMP Received Address Mask Reply,ICMP Messages Sent/sec,ICMP Messages Outbound Errors,ICMP Sent Destination Unreachable,ICMP Sent Time Exceeded,ICMP Sent Parameter Problem,ICMP Sent Source Quench,ICMP Sent Redirect/sec,ICMP Sent Echo/sec,ICMP Sent Echo Reply/sec,ICMP Sent Timestamp/sec,ICMP Sent Timestamp Reply/sec,ICMP Sent Address Mask,ICMP Sent Address Mask Reply,IPv4 Datagrams/sec,IPv4 Datagrams Received/sec,IPv4 Datagrams Received Header Errors,IPv4 Datagrams Received Address Errors,IPv4 Datagrams Forwarded/sec,IPv4 Datagrams Received Unknown Protocol,IPv4 Datagrams Received Discarded,IPv4 Datagrams Received Delivered/sec,IPv4 Datagrams Sent/sec,IPv4 Datagrams Outbound Discarded,IPv4 Datagrams Outbound No Route,IPv4 Fragments Received/sec,IPv4 Fragments Re-assembled/sec,IPv4 Fragment Re-assembly Failures,IPv4 Fragmented Datagrams/sec,IPv4 Fragmentation Failures,IPv4 Fragments Created/sec,Memory Page Faults/sec,Memory Available Bytes,Memory Committed Bytes,Memory Commit Limit,Memory Write Copies/sec,Memory Transition Faults/sec,Memory Cache Faults/sec,Memory Demand Zero Faults/sec,Memory Pages/sec,Memory Pages Input/sec,Memory Page Reads/sec,Memory Pages Output/sec,Memory Pool Paged Bytes,Memory Pool Nonpaged Bytes,Memory Page Writes/sec,Memory Pool Paged Allocs,Memory Pool Nonpaged Allocs,Memory Free System Page Table Entries,Memory Cache Bytes,Memory Cache Bytes Peak,Memory Pool Paged Resident Bytes,Memory System Code Total Bytes,Memory System Code Resident Bytes,Memory System Driver Total Bytes,Memory System Driver Resident Bytes,Memory System Cache Resident Bytes,Memory % Committed Bytes In Use,Memory Available KBytes,Memory Available MBytes,Memory Transition Pages RePurposed/sec,Memory Free & Zero Page List Bytes,Memory Modified Page List Bytes,Memory Standby Cache Reserve Bytes,Memory Standby Cache Normal Priority Bytes,Memory Standby Cache Core Bytes,Network Interface Bytes Total/sec,Network Interface Packets/sec,Network Interface Packets Received/sec,Network Interface Packets Sent/sec,Network Interface Current Bandwidth,Network Interface Bytes Received/sec,Network Interface Packets Received Unicast/sec,Network Interface Packets Received Non-Unicast/sec,Network Interface Packets Received Discarded,Network Interface Packets Received Errors,Network Interface Packets Received Unknown,Network Interface Bytes Sent/sec,Network Interface Packets Sent Unicast/sec,Network Interface Packets Sent Non-Unicast/sec,Network Interface Packets Outbound Discarded,Network Interface Packets Outbound Errors,Network Interface Output Queue Length,Network Interface Offloaded Connections,PhysicalDisk Current Disk Queue Length,PhysicalDisk % Disk Time,PhysicalDisk Avg. Disk Queue Length,PhysicalDisk % Disk Read Time,PhysicalDisk Avg. Disk Read Queue Length,PhysicalDisk % Disk Write Time,PhysicalDisk Avg. Disk Write Queue Length,PhysicalDisk Avg. Disk sec/Transfer,PhysicalDisk Avg. Disk sec/Read,PhysicalDisk Avg. Disk sec/Write,PhysicalDisk Disk Transfers/sec,PhysicalDisk Disk Reads/sec,PhysicalDisk Disk Writes/sec,PhysicalDisk Disk Bytes/sec,PhysicalDisk Disk Read Bytes/sec,PhysicalDisk Disk Write Bytes/sec,PhysicalDisk Avg. Disk Bytes/Transfer,PhysicalDisk Avg. Disk Bytes/Read,PhysicalDisk Avg. Disk Bytes/Write,PhysicalDisk % Idle Time,PhysicalDisk Split IO/Sec,Process % Processor Time,Process % User Time,Process % Privileged Time,Process Virtual Bytes Peak,Process Virtual Bytes,Process Page Faults/sec,Process Working Set Peak,Process Working Set,Process Page File Bytes Peak,Process Page File Bytes,Process Private Bytes,Process Thread Count,Process Priority Base,Process Elapsed Time,Process ID Process,Process Creating Process ID,Process Pool Paged Bytes,Process Pool Nonpaged Bytes,Process Handle Count,Process IO Read Operations/sec,Process IO Write Operations/sec,Process IO Data Operations/sec,Process IO Other Operations/sec,Process IO Read Bytes/sec,Process IO Write Bytes/sec,Process IO Data Bytes/sec,Process IO Other Bytes/sec,Process Working Set - Private,Processor % Processor Time,Processor % User Time,Processor % Privileged Time,Processor Interrupts/sec,Processor % DPC Time,Processor % Interrupt Time,Processor DPCs Queued/sec,Processor DPC Rate,Processor % Idle Time,Processor % C1 Time,Processor % C2 Time,Processor % C3 Time,Processor C1 Transitions/sec,Processor C2 Transitions/sec,Processor C3 Transitions/sec,System File Read Operations/sec,System File Write Operations/sec,System File Control Operations/sec,System File Read Bytes/sec,System File Write Bytes/sec,System File Control Bytes/sec,System Context Switches/sec,System System Calls/sec,System File Data Operations/sec,System System Up Time,System Processor Queue Length,System Processes,System Threads,System Alignment Fixups/sec,System Exception Dispatches/sec,System Floating Emulations/sec,System % Registry Quota In Use,TCPv4 Segments/sec,TCPv4 Connections Established,TCPv4 Connections Active,TCPv4 Connections Passive,TCPv4 Connection Failures,TCPv4 Connections Reset,TCPv4 Segments Received/sec,TCPv4 Segments Sent/sec,TCPv4 Segments Retransmitted/sec,Thread Context Switches/sec,Thread % Processor Time,Thread % User Time,Thread % Privileged Time,Thread Elapsed Time,Thread Priority Current,Thread Priority Base,Thread Start Address,Thread Thread State,Thread Thread Wait Reason,Thread ID Process,Thread ID Thread,UDPv4 Datagrams/sec,UDPv4 Datagrams Received/sec,UDPv4 Datagrams No Port/sec,UDPv4 Datagrams Received Errors,UDPv4 Datagrams Sent/sec,Class
5,0,0,0,0,0,0,0,0,0,0,0,0,0,5,0,5,0,0,0,0,0,0,0,0,0,0,11685,7987,0,0,0,0,13,8119,3701,0,6,0,0,0,0,0,0,1012418,211828736,899117056,2147016704,16075,370531,143913,568566,189316,175898,94033,13418,99524608,23986176,53,76228,56076,33555670,65417216,70103040,99180544,7172096,2428928,5550080,6045696,65417216,219511,206864,202,49315,21815296,12431360,1257472,188755968,0,8867812,11793,8013,3780,1000000000,8431337,8012,1,0,0,0,436475,3575,205,0,0,0,0,0,2681957000,2681957000,2661108000,2661108000,20849000,20849000,2681957000,2661108000,20849000,86240,81540,4700,788406784,623559680,164847104,788406784,623559680,164847104,3081704000,1127,4008125000,343125000,3665000000,5228556288,4722409472,528840,942268416,797884416,671698944,558473216,558473216,577,0,1.31354219703101E+017,0,0,6721968,884524,12434,37955,89223,127178,1395214,391347754,75090705,466438459,165841912,381349888,3447500000,374843750,295781250,215904,2656250,22343750,85503,3,3447500000,3261636207,0,0,82598,0,0,39959,94067,1517701,459333857,78376456,173915495,698105,7723009,134026,1.31354215585E+017,11,47,577,0,45293,0,54583488,19382,38,99,3,4,7,11945,7437,62,552760,3922500000,305781250,3616875000,1.31354219703374E+017,0,0,0,0,0,0,0,523,226,13,0,297,Yanker
5,0,0,0,0,0,0,0,0,0,0,0,0,0,5,0,5,0,0,0,0,0,0,0,0,0,0,11804,8078,0,0,0,0,13,8201,3726,0,6,0,0,0,0,0,0,1014602,208654336,898875392,2147016704,16093,370809,145406,569034,189511,176093,94212,13418,99520512,23994368,53,76272,56465,33555669,68976640,70103040,99176448,7172096,2428928,5550080,6045696,68976640,219452,203764,198,49315,17367040,12926976,1290240,189997056,0,8957620,11900,8095,3805,1000000000,8519331,8094,1,0,0,0,438289,3600,205,0,0,0,0,0,2689435000,2689435000,2668278000,2668278000,21157000,21157000,2689435000,2668278000,21157000,86478,81675,4803,794976768,624423936,170552832,794976768,624423936,170552832,3086673000,1133,4019531250,346406250,3673125000,5232656384,4724600832,529532,942415872,798167040,672501760,558243840,558243840,576,0,1.31354219714556E+017,0,0,6725224,886652,12468,38155,89448,127603,1490904,391920054,75697178,467617232,168350510,380932096,3448437500,378125000,303125000,217702,2656250,22343750,85895,2,3448437500,3262932956,0,0,82880,0,0,40159,94292,1613391,459906157,78982929,176424093,710042,7884072,134451,1.31354215585E+017,9,47,576,0,45293,0,54583488,19476,38,99,3,4,7,12014,7462,64,564181,3930937500,306406250,3624531250,1.31354219714839E+017,0,0,0,0,0,0,0,524,226,13,0,298,Yanker
5,0,0,0,0,0,0,0,0,0,0,0,0,0,5,0,5,0,0,0,0,0,0,0,0,0,0,11909,8156,0,0,0,0,13,8280,3756,0,6,0,0,0,0,0,0,1017621,205275136,903487488,2147016704,16194,372014,146368,569854,190224,176806,94438,13418,99491840,23990272,53,75660,56104,33555670,70144000,70144000,99147776,7172096,2428928,5550080,6045696,70144000,220578,200464,195,49315,9011200,11993088,1380352,194883584,0,9036983,12008,8173,3835,1000000000,8596855,8172,1,0,0,0,440182,3630,206,0,0,0,0,0,2700064000,2700064000,2678460000,2678460000,21604000,21604000,2700064000,2678460000,21604000,86802,81880,4922,807377408,629070848,178306560,807377408,629070848,178306560,3093195000,1154,4030468750,349218750,3681250000,5273522176,4763754496,531524,947875840,804438016,674455552,561758208,561758208,579,0,1.31354219725943E+017,0,0,6797104,894948,12582,38340,89630,127970,1576540,392023062,75926840,467949902,170535643,383160320,3450781250,380937500,309218750,219602,2656250,22812500,86372,3,3450781250,3265076034,0,0,83227,0,0,40344,94474,1699027,460009165,79212591,178609226,720169,8045606,134818,1.31354215585E+017,14,48,579,0,45298,0,54583488,19591,38,99,3,4,7,12099,7492,64,573878,3939531250,308281250,3631250000,1.31354219726236E+017,0,0,0,0,0,0,0,527,227,13,0,300,Yanker
5,0,0,0,0,0,0,0,0,0,0,0,0,0,5,0,5,0,0,0,0,0,0,0,0,0,0,12005,8222,0,0,0,0,13,8346,3783,0,6,0,0,0,0,0,0,1034745,192876544,908599296,2147016704,16332,382667,146770,575886,191072,177654,94690,13418,99504128,24010752,53,75766,56359,33555663,70103040,70668288,99160064,7172096,2428928,5550080,6045696,70103040,221826,188356,183,50346,0,11952128,0,192876544,0,9106724,12101,8239,3862,1000000000,8665060,8238,1,0,0,0,441664,3656,206,0,0,0,0,0,2707829000,2707829000,2685796000,2685796000,22033000,22033000,2707829000,2685796000,22033000,87106,82129,4977,813364736,632964096,180400640,813364736,632964096,180400640,3100274000,1159,4041562500,351562500,3690000000,5463810048,4873031680,548106,969809920,821616640,682459136,565948416,565948416,587,0,1.31354219737427E+017,0,0,6982312,907236,12747,38522,89984,128506,1649225,392140966,76117470,468258436,172672273,393981952,3452812500,383281250,316406250,221493,2656250,23125000,86816,1,3452812500,3267153731,0,0,83539,0,0,40526,94828,1771712,460127069,79403221,180745856,725652,8177024,135354,1.31354215585E+017,14,49,587,0,45430,0,54583488,19672,38,99,3,4,7,12158,7514,66,577511,3949218750,309843750,3639375000,1.31354219737867E+017,0,0,0,0,0,0,0,528,227,13,0,301,Yanker
5,0,0,0,0,0,0,0,0,0,0,0,0,0,5,0,5,0,0,0,0,0,0,0,0,0,0,12092,8289,0,0,0,0,13,8413,3803,0,6,0,0,0,0,0,0,1039030,160935936,910999552,2147016704,16350,384386,148728,576394,192291,178873,95247,13418,99581952,23994368,53,75674,56580,33555668,73924608,74575872,99217408,7172096,2428928,5550080,6045696,73924608,222412,157164,153,58692,0,37949440,0,160935936,0,9183330,12188,8306,3882,1000000000,8740492,8305,1,0,0,0,442838,3676,206,0,0,0,0,0,2715576000,2715576000,2693316000,2693316000,22260000,22260000,2715576000,2693316000,22260000,87669,82614,5055,821849600,637541376,184308224,821849600,637541376,184308224,3106428000,1159,4052500000,352500000,3700000000,5471059968,4880400384,550404,970489856,824459264,682459136,568274944,568274944,589,0,1.31354219748433E+017,0,0,6989984,910524,12806,38709,91818,130527,1723919,392687338,101520853,494208191,174484909,395546624,3454843750,384218750,324375000,223677,2656250,23281250,87506,1,3454843750,3269393082,0,0,83914,0,0,40713,96662,1846406,460673441,104806604,182558492,731426,8298910,137375,1.31354215585E+017,13,49,589,0,45433,0,54583488,19765,38,99,3,4,7,12229,7536,66,583005,3958593750,310625000,3648125000,1.31354219748873E+017,0,0,0,0,0,0,0,530,227,13,0,303,Yanker
5,0,0,0,0,0,0,0,0,0,0,0,0,0,5,0,5,0,0,0,0,0,0,0,0,0,0,12233,8398,0,0,0,0,13,8523,3835,0,6,0,0,0,0,0,0,1062402,237727744,866029568,2147016704,16452,399330,159289,577866,199615,179273,95459,20342,99397632,24059904,81,74139,55043,33555668,75345920,76705792,98902016,7172096,2428928,5550080,6049792,75345920,211433,232156,226,65489,58028032,12455936,30375936,149323776,0,9315779,12329,8415,3914,1000000000,8871151,8414,1,0,0,0,444628,3707,207,0,0,0,0,1,2743133000,2743133000,2715956000,2715956000,27177000,27177000,2743133000,2715956000,27177000,88395,82847,5548,865241600,640680448,224561152,865241600,640680448,224561152,3109412000,1390,4033750000,331562500,3702187500,5116096512,4539432960,510427,903340032,750292992,639823872,529240064,529240064,560,0,1.31354219759507E+017,0,0,6389456,844124,11547,36751,89872,126623,1698375,385290131,73164180,458454311,170991567,355508224,3458593750,385937500,330000000,226290,2656250,23437500,88357,2,3458593750,3272114466,0,0,84450,0,0,40950,100747,1879167,486816591,132058889,183810820,739393,8394067,141697,1.31354215585E+017,10,45,560,0,45436,0,54583488,19904,38,99,3,4,7,12341,7564,73,561612,3939531250,289375000,3650156250,1.31354219759888E+017,0,0,0,0,0,0,0,535,230,13,0,305,Yanker
6,0,0,0,0,0,0,0,0,0,0,0,0,0,6,0,6,0,0,0,0,0,0,0,0,0,0,12273,8420,0,0,0,0,14,8545,3853,0,6,0,0,0,0,0,0,1063938,237727744,865837056,2147016704,16454,399440,160047,578675,199837,179495,95667,20342,99401728,24039424,81,74038,53283,33555665,76505088,77381632,98959360,7172096,2428928,5550080,6049792,76505088,211654,232156,226,65489,56406016,11296768,30175232,151146496,0,9328885,12369,8437,3932,1000000000,8881306,8436,1,0,0,0,447579,3724,208,0,0,0,0,0,2772703000,2772703000,2743771000,2743771000,28932000,28932000,2772703000,2743771000,28932000,89192,83121,6071,887618048,646373888,241244160,887618048,646373888,241244160,3110133000,1434,4044531250,333281250,3711250000,5116096512,4537147392,511296,903340032,751095808,640020480,530128896,530128896,558,0,1.31354219770621E+017,0,0,6390912,843252,11550,36944,90071,127015,1753385,385357479,73236126,458593605,172319741,356065280,3462968750,387812500,335000000,228747,2656250,23750000,89141,1,3462968750,3275486267,0,0,85106,0,0,41143,100946,1934177,486883939,132130835,185138994,746117,8482956,142089,1.31354215585E+017,13,45,558,0,45446,0,54583488,19976,37,99,3,4,7,12381,7595,76,568091,3949375000,291250000,3658125000,1.3135421977107E+017,0,0,0,0,0,0,0,538,231,14,0,307,Yanker
6,0,0,0,0,0,0,0,0,0,0,0,0,0,6,0,6,0,0,0,0,0,0,0,0,0,0,12519,8608,0,0,0,0,14,8734,3911,0,6,0,0,0,0,0,0,1065971,233598976,868589568,2147016704,16456,399617,161365,579158,200176,179834,95997,20342,99233792,23941120,81,73373,53404,33555670,78344192,78344192,98811904,7172096,2428928,5550080,6049792,78344192,212058,228124,222,65489,51175424,11300864,29749248,152674304,0,9541556,12615,8625,3990,1000000000,9090731,8624,1,0,0,0,450825,3781,209,0,0,0,0,0,2790068000,2790068000,2760645000,2760645000,29423000,29423000,2790068000,2760645000,29423000,89731,83430,6301,894339584,648180224,246159360,894339584,648180224,246159360,3111021000,1451,4055156250,335156250,3720000000,5116096512,4537171968,511902,903532544,753463296,640806912,531787776,531787776,558,0,1.31354219781773E+017,0,0,6391760,842412,11544,37206,90337,127543,1797656,386042243,73922104,459964347,173220401,358346752,3468437500,389687500,338750000,230916,2812500,24062500,89884,8,3468437500,3280026369,0,0,86069,0,0,41405,101212,1978448,487568703,132816813,186039654,753116,8561210,142617,1.31354215585E+017,15,45,558,0,45468,0,54583488,20278,37,99,3,4,7,12614,7664,76,574473,3958437500,292343750,3666093750,1.31354219782066E+017,0,0,0,0,0,0,0,543,234,14,0,309,Yanker
6,0,0,0,0,0,0,0,0,0,0,0,0,0,6,0,6,0,0,0,0,0,0,0,0,0,0,13117,9061,0,0,0,0,14,9187,4056,0,6,0,0,0,0,0,0,1068163,230821888,869883904,2147016704,16456,399714,162604,580101,200471,180129,96252,20342,99016704,23937024,81,72788,53420,33555670,78757888,79151104,98598912,7172096,2428928,5550080,6049792,78757888,212374,225412,220,65489,45477888,11296768,29835264,155508736,0,10013047,13213,9078,4135,1000000000,9551662,9077,1,0,0,0,461385,3926,209,0,0,0,0,0,2804449000,2804449000,2774764000,2774764000,29685000,29685000,2804449000,2774764000,29685000,90046,83621,6425,899369472,649130496,250238976,899369472,649130496,250238976,3112032000,1479,4066562500,337968750,3728750000,5116096512,4537286656,512817,904245248,756150272,640806912,534147072,534147072,558,0,1.31354219793384E+017,0,0,6390128,842564,11551,37559,90695,128254,1864049,386509083,74390158,460899241,174615847,361492480,3471562500,392343750,344531250,233045,2812500,24218750,90544,2,3471562500,3282925222,0,0,86632,0,0,41758,101570,2044841,488035543,133284867,187435100,759064,8663146,143328,1.31354215585E+017,10,45,558,0,45482,0,54583488,20899,38,100,3,4,7,13062,7837,77,580068,3968750000,294843750,3674062500,1.31354219793755E+017,0,0,0,0,0,0,0,543,234,14,0,309,Yanker
6,0,0,0,0,0,0,0,0,0,0,0,0,0,6,0,6,0,0,0,0,0,0,0,0,0,0,13317,9208,0,0,0,0,14,9340,4111,0,6,0,0,0,0,0,0,1069981,229093376,865705984,2147016704,16457,400333,163687,580567,200635,180293,96409,20342,98979840,23937024,81,72588,53886,33555670,81231872,81231872,98566144,7172096,2428928,5550080,6049792,81231872,211354,223724,218,65489,45309952,11296768,28835840,154947584,0,10178991,13435,9242,4193,1000000000,9714474,9241,1,0,0,0,464517,3984,209,0,0,0,0,0,2809206000,2809206000,2779322000,2779322000,29884000,29884000,2809206000,2779322000,29884000,90246,83732,6514,903879168,650101248,253777920,903879168,650101248,253777920,3120405000,1496,4077968750,339687500,3738281250,5116096512,4536266752,513537,904544256,755105792,640929792,529334272,529334272,559,0,1.31354219805074E+017,0,0,6391344,847292,11528,37776,90917,128693,1944504,386688903,74571194,461260097,176601887,360083456,3474687500,394062500,351406250,234872,2812500,24531250,90969,3,3474687500,3285625754,0,0,87117,0,0,41975,101792,2125296,488215363,133465903,189421140,763998,8777448,143767,1.31354215585E+017,11,45,559,0,45486,0,54583488,21130,38,100,3,4,7,13230,7900,77,584707,3978906250,296093750,3682968750,1.31354219805415E+017,0,0,0,0,0,0,0,543,234,14,0,309,Yanker
6,0,0,0,0,0,0,0,0,0,0,0,0,0,6,0,6,0,0,0,0,0,0,0,0,0,0,13665,9475,0,0,0,0,14,9601,4190,0,6,0,0,0,0,0,0,1071188,228724736,867094528,2147016704,16457,400838,164502,580959,200946,180604,96720,20342,98885632,23937024,81,72607,53828,33555670,81735680,82526208,98471936,7172096,2428928,5550080,6049792,81735680,211693,223364,218,65489,44089344,11296768,28921856,155713536,0,10450189,13761,9492,4269,1000000000,9981566,9491,1,0,0,0,468623,4060,209,0,0,0,0,0,2810969000,2810969000,2781083000,2781083000,29886000,29886000,2810969000,2781083000,29886000,90558,84043,6515,905139200,651360768,253778432,905139200,651360768,253778432,3129750000,1496,4088750000,342187500,3746562500,5116096512,4535955456,513929,904544256,755687424,640929792,530976768,530976768,559,0,1.31354219816158E+017,0,0,6390832,842932,11532,38039,91182,129221,2054018,386972023,74856042,461828065,179112949,360865792,3475781250,396562500,358906250,236795,2812500,24843750,91535,1,3475781250,3286832946,0,0,87502,0,0,42238,102057,2234810,488498483,133750751,191932202,769115,8921845,144295,1.31354215585E+017,9,45,559,0,45486,0,54583488,21453,38,100,3,4,7,13480,7975,79,589612,3988750000,298437500,3690312500,1.31354219816646E+017,0,0,0,0,0,0,0,543,234,14,0,309,Yanker
6,0,0,0,0,0,0,0,0,0,0,0,0,0,6,0,6,0,0,0,0,0,0,0,0,0,0,14042,9769,0,0,0,0,14,9895,4273,0,6,0,0,0,0,0,0,1072306,229359616,864059392,2147016704,16457,401166,165332,581243,201345,181003,97119,20342,98885632,23937024,81,72709,53836,33555670,81879040,82612224,98471936,7172096,2428928,5550080,6049792,81879040,210952,223984,218,65489,43343872,11452416,28983296,157032448,0,10773943,14138,9786,4353,1000000000,10306968,9790,1,0,0,0,473159,4144,209,0,0,0,0,0,2812388000,2812388000,2782502000,2782502000,29886000,29886000,2812388000,2782502000,29886000,90957,84442,6515,906767360,652988928,253778432,906767360,652988928,253778432,3139436000,1496,4099843750,344375000,3755468750,5116096512,4535644160,514218,904544256,753950720,640929792,528605184,528605184,559,0,1.31354219827261E+017,0,0,6390224,842692,11535,38334,91481,129815,2170993,387759415,75644649,463404064,181775809,359329792,3476718750,398906250,366718750,238864,2812500,24843750,92215,3,3476718750,3287729728,0,0,87929,0,0,42533,102356,2351785,489285875,134539358,194595062,774641,9071563,144889,1.31354215585E+017,10,45,559,0,45488,0,54583488,21864,38,100,3,4,7,13798,8066,79,594498,3998281250,300312500,3697968750,1.31354219827554E+017,0,0,0,0,0,0,0,543,234,14,0,309,Yanker
6,0,0,0,0,0,0,0,0,0,0,0,0,0,6,0,6,0,0,0,0,0,0,0,0,0,0,14492,10108,0,0,0,0,14,10234,4384,0,6,0,0,0,0,0,0,1074209,228122624,867315712,2147016704,16458,401324,165904,582573,201759,181417,97533,20342,98885632,23941120,81,72640,53842,33555668,81842176,82612224,98471936,7172096,2428928,5550080,6049792,81842176,211747,222776,217,65489,40194048,11341824,29032448,158896128,0,11130468,14588,10125,4463,1000000000,10650293,10124,1,0,0,0,480175,4255,209,0,0,0,0,0,2813747000,2813747000,2783861000,2783861000,29886000,29886000,2813747000,2783861000,29886000,91371,84856,6515,908463104,654684672,253778432,908463104,654684672,253778432,3149632000,1496,4110625000,347187500,3763437500,5116096512,4538789888,515548,904544256,755945472,643063808,531345408,531345408,559,0,1.31354219838824E+017,0,0,6390224,843052,11541,38628,91778,130406,2294254,388107979,75994430,464102409,184594365,361373696,3478281250,401718750,373906250,240974,2812500,25625000,92949,3,3478281250,3288548355,0,0,88378,0,0,42827,102653,2475046,489634439,134889139,197413618,780172,9225768,145480,1.31354215585E+017,12,45,559,0,45488,0,54583488,22330,38,100,3,4,7,14144,8187,81,599669,4007656250,302812500,3704843750,1.31354219839126E+017,0,0,0,0,0,0,0,543,234,14,0,309,Yanker
6,0,0,0,0,0,0,0,0,0,0,0,0,0,6,0,6,0,0,0,0,0,0,0,0,0,0,14726,10287,0,0,0,0,14,10413,4439,0,6,0,0,0,0,0,0,1076005,226484224,867598336,2147016704,16458,401940,166830,583439,202078,181736,97847,20342,98836480,23937024,81,72653,53833,33555670,84000768,84807680,98422784,7172096,2428928,5550080,6049792,84000768,211816,221176,215,65489,38342656,10317824,29073408,159068160,0,11334711,14826,10306,4520,1000000000,10850380,10305,1,0,0,0,484331,4311,209,0,0,0,0,0,2816328000,2816328000,2786328000,2786328000,30000000,30000000,2816328000,2786328000,30000000,91748,85185,6563,911242240,656468480,254773760,911242240,656468480,254773760,3158733000,1512,4121875000,349687500,3772187500,5116096512,4540887040,516418,904544256,757047296,643063808,531849216,531849216,559,0,1.31354219850269E+017,0,0,6390224,843172,11533,38891,92047,130938,2399883,388387319,76340575,464727894,187079457,362512384,3480312500,404062500,380937500,242929,2812500,25937500,93527,1,3480312500,3290167763,0,0,88840,0,0,43090,102922,2580675,489913779,135235284,199898710,785481,9365498,146012,1.31354215585E+017,8,45,559,0,45488,0,54583488,22578,38,100,3,4,7,14326,8252,83,604732,4017500000,304687500,3712812500,1.31354219850611E+017,0,0,0,0,0,0,0,543,234,14,0,309,Yanker
6,0,0,0,0,0,0,0,0,0,0,0,0,0,6,0,6,0,0,0,0,0,0,0,0,0,0,14825,10362,0,0,0,0,14,10488,4463,0,6,0,0,0,0,0,0,1077118,222416896,869986304,2147016704,16476,402154,167470,583800,202318,181976,98087,20342,98836480,24088576,81,72633,52792,33555660,85762048,85762048,98426880,7172096,2428928,5550080,6049792,85762048,212399,217204,212,65489,34242560,10285056,29110272,159064064,0,11423670,14924,10381,4543,1000000000,10938068,10380,1,0,0,0,485602,4334,209,0,0,0,0,0,2828168000,2828168000,2796052000,2796052000,32116000,32116000,2828168000,2796052000,32116000,92464,85473,6991,924443648,659720704,264722944,924443648,659720704,264722944,3162808000,1544,4132656250,350781250,3781875000,5119533056,4544585728,516890,904544256,758898688,643063808,534126592,534126592,561,0,1.31354219861363E+017,0,0,6392552,845388,11596,39096,92256,131352,2469217,388947671,76902147,465849818,188822393,364019712,3484375000,405156250,386875000,245224,2812500,26250000,94283,2,3484375000,3293918981,0,0,89543,0,0,43295,103131,2650009,490474131,135796856,201641646,791210,9464883,146426,1.31354215585E+017,12,45,561,0,45490,0,54583488,22669,38,100,3,4,7,14401,8269,89,610222,4027187500,305468750,3721875000,1.31354219861802E+017,0,0,0,0,0,0,0,545,235,14,0,310,Yanker
6,0,0,0,0,0,0,0,0,0,0,0,0,0,6,0,6,0,0,0,0,0,0,0,0,0,0,14996,10488,0,0,0,0,14,10616,4512,0,6,0,0,0,0,0,0,1078229,225857536,867782656,2147016704,16476,402611,168255,584116,202606,182264,98360,20342,98836480,23949312,81,72678,52727,33555668,85266432,85983232,98430976,7172096,2428928,5550080,6049792,85266432,211861,220564,215,65489,34676736,9236480,30191616,160989184,0,11556606,15102,10510,4592,1000000000,11068262,10509,1,0,0,0,488344,4383,209,0,0,0,0,0,2836804000,2836804000,2804280000,2804280000,32524000,32524000,2836804000,2804280000,32524000,92910,85775,7135,928003072,661375488,266627584,928003072,661375488,266627584,3168468000,1570,4143593750,352500000,3791093750,5119533056,4538343424,517216,904544256,757633024,643063808,531738624,531738624,556,0,1.31354219872447E+017,0,0,6392584,841492,11577,39319,92480,131799,2541978,389110691,77066388,466177079,190641389,362627072,3488437500,406875000,392187500,247231,2968750,26250000,94877,2,3488437500,3297600548,0,0,90281,0,0,43518,103355,2722770,490637151,135961097,203460642,796646,9572654,146873,1.31354215585E+017,11,45,556,0,45490,0,54583488,22844,35,100,3,4,7,14529,8315,91,615068,4036562500,306718750,3729843750,1.31354219872789E+017,0,0,0,0,0,0,0,545,235,14,0,310,Yanker
6,0,0,0,0,0,0,0,0,0,0,0,0,0,6,0,6,0,0,0,0,0,0,0,0,0,0,15415,10796,0,0,0,0,14,10922,4619,0,6,0,0,0,0,0,0,1079535,227540992,869306368,2147016704,16477,403338,169141,584534,202703,182361,98457,20342,98836480,23941120,81,72620,52703,33555670,83070976,85983232,98430976,7172096,2428928,5550080,6049792,83070976,212233,222208,217,65489,32538624,8318976,31313920,163688448,0,11864702,15511,10813,4698,1000000000,11370588,10812,1,0,0,0,494114,4489,209,0,0,0,0,0,2837615000,2837615000,2804935000,2804935000,32680000,32680000,2837615000,2804935000,32680000,93036,85873,7163,928852992,661805568,267047424,928852992,661805568,267047424,3179449000,1587,4155000000,355156250,3799843750,5119533056,4538343424,517635,904544256,758472704,643063808,533344256,533344256,556,0,1.31354219884175E+017,0,0,6392584,841492,11582,39565,92748,132313,2686348,389434927,77391844,466826771,194118449,363511808,3489375000,409531250,400312500,249116,2968750,26562500,95300,1,3489375000,3298065576,0,0,90416,0,0,43764,103623,2867140,490961387,136286553,206937702,801834,9755383,147387,1.31354215585E+017,11,45,556,0,45490,0,54583488,23261,35,100,3,4,7,14836,8425,91,619229,4046718750,308593750,3738125000,1.3135421988483E+017,0,0,0,0,0,0,0,545,235,14,0,310,Yanker
6,0,0,0,0,0,0,0,0,0,0,0,0,0,6,0,6,0,0,0,0,0,0,0,0,0,0,15499,10858,0,0,0,0,14,10984,4641,0,6,0,0,0,0,0,0,1081552,226623488,867438592,2147016704,16477,404819,170802,584879,202733,182391,98480,20342,98836480,23941120,81,72646,52712,33555670,83898368,85983232,98430976,7172096,2428928,5550080,6049792,83898368,211777,221312,216,65489,32464896,8769536,31367168,162791424,0,11933599,15595,10875,4720,1000000000,11437077,10874,1,0,0,0,496522,4511,209,0,0,0,0,0,2838317000,2838317000,2805624000,2805624000,32693000,32693000,2838317000,2805624000,32693000,93067,85895,7172,929500160,661936640,267563520,929500160,661936640,267563520,3189900000,1587,4166093750,357343750,3808750000,5119533056,4537606144,517959,904544256,757788672,643063808,531668992,531668992,554,0,1.31354219895328E+017,0,0,6393192,841924,11572,39722,92916,132638,2829296,389954763,77945692,467900455,199638527,362708992,3489843750,411875000,408750000,250642,2968750,26562500,95481,1,3489843750,3298643442,0,0,90513,0,0,43921,103791,3010088,491481223,136840401,212457780,806612,9934894,147712,1.31354215585E+017,10,45,554,0,45490,0,54583488,23384,34,101,3,4,7,14918,8466,92,623566,4056875000,310625000,3746250000,1.31354219895904E+017,0,0,0,0,0,0,0,545,235,14,0,310,Yanker
6,0,0,0,0,0,0,0,0,0,0,0,0,0,6,0,6,0,0,0,0,0,0,0,0,0,0,15639,10970,0,0,0,0,14,11096,4669,0,6,0,0,0,0,0,0,1083348,232648704,864862208,2147016704,16477,405903,171944,585528,202802,182460,98542,20342,98828288,23945216,81,72950,52742,33555668,84234240,85983232,98422784,7172096,2428928,5550080,6049792,84234240,211148,227196,221,65489,36397056,6651904,33505280,162746368,0,12061678,15736,10987,4749,1000000000,11563532,10986,1,0,0,0,498146,4540,209,0,0,0,0,0,2840532000,2840532000,2807711000,2807711000,32821000,32821000,2840532000,2807711000,32821000,93173,85959,7214,930860032,662284800,268575232,930860032,662284800,268575232,3199379000,1618,4177187500,359843750,3817343750,5119533056,4539490304,518614,904544256,753717248,643063808,528875520,528875520,553,0,1.31354219906353E+017,0,0,6393608,841444,11575,39929,93124,133053,2943417,390125131,78117280,468242411,202390169,358502400,3490781250,414218750,416406250,252224,2968750,26562500,95735,2,3490781250,3299552119,0,0,90669,0,0,44128,103999,3124209,491651591,137011989,215209422,811656,10095559,148127,1.31354215585E+017,13,45,553,0,45490,0,54583488,23532,34,101,3,4,7,15034,8498,93,628223,4066250000,312031250,3754218750,1.31354219906792E+017,0,0,0,0,0,0,0,545,235,14,0,310,Yanker
6,0,0,0,0,0,0,0,0,0,0,0,0,0,6,0,6,0,0,0,0,0,0,0,0,0,0,15906,11174,0,0,0,0,14,11312,4734,0,6,0,0,0,0,0,0,1084722,236744704,863113216,2147016704,16480,406837,172912,585885,202885,182543,98625,20342,98820096,23953408,81,73369,52636,33555667,83255296,85983232,98414592,7172096,2428928,5550080,6049792,83255296,210721,231196,225,65489,37396480,5173248,34603008,164745216,0,12301153,16016,11203,4813,1000000000,11799495,11202,1,0,0,0,501658,4604,209,0,0,0,0,0,2841410000,2841410000,2808438000,2808438000,32972000,32972000,2841410000,2808438000,32972000,93292,86046,7246,932067840,662702592,269365248,932067840,662702592,269365248,3210077000,1634,4188125000,362187500,3826093750,5080752128,4501291008,517351,898600960,748244992,640618496,527851520,527851520,547,0,1.31354219917906E+017,0,0,6322680,831916,11432,40145,93345,133490,3082610,390366383,78359753,468726136,205717621,357392384,3491250000,416562500,425156250,253957,2968750,26718750,96086,2,3491250000,3299864336,0,0,90768,0,0,44344,104220,3263559,491892843,137254462,218539808,816624,10290084,148564,1.31354215585E+017,13,44,547,0,45490,0,54583488,23846,33,101,3,4,7,15278,8568,96,632604,4076250000,314531250,3761718750,1.31354219918599E+017,0,0,0,0,0,0,0,545,235,14,0,310,Yanker
6,0,0,0,0,0,0,0,0,0,0,0,0,0,6,0,6,0,0,0,0,0,0,0,0,0,0,16165,11374,0,0,0,0,14,11500,4791,0,6,0,0,0,0,0,0,1085588,235814912,861077504,2147016704,16480,407346,173497,586163,202965,182623,98705,20342,98820096,23949312,81,73786,52614,33555670,85303296,85983232,98414592,7172096,2428928,5550080,6049792,85303296,210224,230288,224,65489,38551552,5144576,34648064,162615296,0,12513857,16262,11392,4870,1000000000,12009075,11391,1,0,0,0,504782,4661,209,0,0,0,0,0,2842091000,2842091000,2808980000,2808980000,33111000,33111000,2842091000,2808980000,33111000,93405,86133,7272,932837888,663161344,269676544,932837888,663161344,269676544,3220684000,1634,4199375000,364843750,3834531250,5080752128,4501291008,517632,898600960,747425792,640618496,526323712,526323712,547,0,1.31354219929156E+017,0,0,6322680,831660,11430,40365,93570,133935,3218630,390591307,78585898,469177205,208961257,356601856,3491562500,419375000,433281250,255627,2968750,26718750,96414,2,3491562500,3300201574,0,0,90867,0,0,44564,104445,3399579,492117767,137480607,221783444,821208,10468286,149009,1.31354215585E+017,11,44,547,0,45491,0,54583488,24071,33,101,3,5,7,15447,8624,96,636503,4086093750,316875000,3769218750,1.31354219929898E+017,0,0,0,0,0,0,0,545,235,14,0,310,Yanker
6,0,0,0,0,0,0,0,0,0,0,0,0,0,6,0,6,0,0,0,0,0,0,0,0,0,0,16228,11419,0,0,0,0,14,11545,4809,0,6,0,0,0,0,0,0,1086820,234217472,862269440,2147016704,16480,408207,174439,586447,203052,182710,98792,20342,98824192,23945216,81,73866,52632,33555668,87818240,87818240,98414592,7172096,2428928,5550080,6049792,87818240,210515,228728,223,65489,37965824,4042752,35725312,160526336,0,12554110,16327,11438,4889,1000000000,12048255,11437,1,0,0,0,505855,4680,209,0,0,0,0,0,2842718000,2842718000,2809479000,2809479000,33239000,33239000,2842718000,2809479000,33239000,93528,86224,7304,933927424,663648768,270278656,933927424,663648768,270278656,3231236000,1650,4210468750,367968750,3842500000,5080752128,4499357696,517922,898600960,747433984,640618496,527409152,527409152,546,0,1.31354219940308E+017,0,0,6320472,830820,11430,40532,93740,134272,3350674,390670187,78665999,469336186,212103933,356966400,3491718750,422343750,441250000,257222,2968750,26875000,96680,1,3491718750,3300429907,0,0,90954,0,0,44731,104615,3531623,492196647,137560708,224926120,825844,10644626,149346,1.31354215585E+017,9,44,546,0,45491,0,54583488,24154,33,101,3,5,7,15503,8651,97,640603,4095468750,319531250,3776093750,1.31354219940718E+017,0,0,0,0,0,0,0,545,235,14,0,310,Yanker
6,0,0,0,0,0,0,0,0,0,0,0,0,0,6,0,6,0,0,0,0,0,0,0,0,0,0,16292,11462,0,0,0,0,14,11588,4830,0,6,0,0,0,0,0,0,1087720,231550976,863363072,2147016704,16480,408800,175108,586677,203128,182786,98868,20342,98824192,23945216,81,74345,52629,33555668,89878528,89878528,98414592,7172096,2428928,5550080,6049792,89878528,210782,226124,220,65489,37036032,4030464,35725312,158789632,0,12588300,16388,11479,4909,1000000000,12081421,11479,1,0,0,0,506983,4700,209,0,0,0,0,0,2843333000,2843333000,2810094000,2810094000,33239000,33239000,2843333000,2810094000,33239000,93605,86301,7304,934242816,663964160,270278656,934242816,663964160,270278656,3241816000,1650,4221562500,371093750,3850625000,5080752128,4500668416,518154,898600960,748335104,640618496,528900096,528900096,547,0,1.31354219951509E+017,0,0,6320280,830460,11423,40692,93901,134593,3490217,390733303,78730335,469463638,215348905,357867520,3492187500,425468750,448906250,258757,2968750,26875000,96906,1,3492187500,3300798305,0,0,91044,0,0,44891,104776,3671166,492259763,137625044,228171092,830225,10824644,149667,1.31354215585E+017,12,44,547,0,45491,0,54583488,24219,33,101,3,5,7,15547,8672,99,644518,4105468750,322343750,3783281250,1.31354219951812E+017,0,0,0,0,0,0,0,545,235,14,0,310,Yanker
6,0,0,0,0,0,0,0,0,0,0,0,0,0,6,0,6,0,0,0,0,0,0,0,0,0,0,16477,11596,0,0,0,0,14,11722,4881,0,6,0,0,0,0,0,0,1089474,229879808,864559104,2147016704,16579,410037,176078,587046,203218,182876,98952,20342,98824192,23945216,81,75020,52695,33555670,91934720,91934720,98418688,7172096,2428928,5550080,6049792,91934720,211074,224492,219,65489,35766272,2977792,36761600,157351936,0,12711514,16573,11613,4960,1000000000,12201726,11612,1,0,0,0,509788,4751,209,0,0,0,0,0,2844336000,2844336000,2810955000,2810955000,33381000,33381000,2844336000,2810955000,33381000,93725,86388,7337,935238656,664402944,270835712,935238656,664402944,270835712,3252580000,1662,4233281250,373125000,3860156250,5080752128,4510068736,518936,898600960,750788608,640618496,529469440,529469440,546,0,1.31354219963238E+017,0,0,6339472,831540,11444,40888,94099,134987,3627186,390864887,78863140,469728027,218551471,358895616,3493125000,427500000,457656250,260471,2968750,27031250,97232,1,3493125000,3301249201,0,0,91157,0,0,45087,104974,3808135,492391347,137757849,231373658,835225,11007054,150061,1.31354215585E+017,11,44,546,0,45491,0,54583488,24406,32,101,3,5,7,15684,8722,104,649164,4115781250,323750000,3792031250,1.31354219963628E+017,0,0,0,0,0,0,0,545,235,14,0,310,Yanker
6,0,0,0,0,0,0,0,0,0,0,0,0,0,6,0,6,0,0,0,0,0,0,0,0,0,0,16551,11652,0,0,0,0,14,11778,4899,0,6,0,0,0,0,0,0,1090344,230006784,862707712,2147016704,16579,410565,176658,587331,203275,182933,99009,20342,98824192,23945216,81,75739,52825,33555668,92082176,92889088,98422784,7172096,2428928,5550080,6049792,92082176,210622,224616,219,65489,35889152,3063808,36761600,157356032,0,12774634,16647,11669,4978,1000000000,12262002,11668,1,0,0,0,512632,4769,209,0,0,0,0,0,2844676000,2844676000,2811295000,2811295000,33381000,33381000,2844676000,2811295000,33381000,93783,86446,7337,935476224,664640512,270835712,935476224,664640512,270835712,3263262000,1662,4244218750,375937500,3868281250,5080752128,4506398720,519225,898600960,749604864,640618496,527732736,527732736,544,0,1.31354219974253E+017,0,0,6339280,830028,11427,41061,94274,135335,3769514,390966007,78965482,469931489,221925417,357703680,3493125000,430312500,465937500,261973,2968750,27031250,97428,0,3493125000,3301375681,0,0,91207,0,0,45260,105149,3950463,492492467,137860191,234747604,839574,11191942,150409,1.31354215585E+017,9,44,544,0,45491,0,54583488,24528,30,101,3,5,7,15764,8764,104,653048,4125156250,326250000,3798906250,1.31354219974537E+017,0,0,0,0,0,0,0,545,235,14,0,310,Yanker
6,0,0,0,0,0,0,0,0,0,0,0,0,0,6,0,6,0,0,0,0,0,0,0,0,0,0,16872,11893,0,0,0,0,14,12019,4979,0,6,0,0,0,0,0,0,1093641,225812480,868470784,2147016704,16579,411646,177767,589500,203321,182979,99055,20342,98795520,23945216,81,76244,52910,33555668,91705344,92889088,98394112,7172096,2428928,5550080,6049792,91705344,212029,220520,215,65489,30076928,2011136,37814272,157921280,0,13001932,16976,11916,5061,1000000000,12488024,11917,1,0,0,0,517222,4855,209,0,0,0,0,0,2845103000,2845103000,2811619000,2811619000,33484000,33484000,2845103000,2811619000,33484000,93845,86493,7352,935934976,664857600,271077376,935934976,664857600,271077376,3274426000,1662,4255625000,379062500,3876562500,5080752128,4513501184,521381,898600960,755273728,641482752,531062784,531062784,544,0,1.31354219985855E+017,0,0,6348864,829428,11436,41327,94544,135871,3910570,391164639,79165335,470329974,225244939,360865792,3493437500,433437500,474062500,263761,2968750,27187500,97785,9,3493437500,3301545648,0,0,91244,0,0,45526,105419,4091519,492691099,138060044,238067126,844447,11379698,150945,1.31354215585E+017,11,44,544,0,45491,0,54583488,24925,30,101,3,5,7,16064,8871,104,657565,4135312500,329062500,3806250000,1.31354219986158E+017,0,0,0,0,0,0,0,545,235,14,0,310,Yanker
6,0,0,0,0,0,0,0,0,0,0,0,0,0,6,0,6,0,0,0,0,0,0,0,0,0,0,17089,12058,0,0,0,0,14,12184,5031,0,6,0,0,0,0,0,0,1094988,229281792,865701888,2147016704,16594,412748,178806,589720,203363,183021,99082,20342,98820096,23945216,81,76229,52908,33555668,92323840,92889088,98394112,7172096,2428928,5550080,6049792,92323840,211353,223908,218,65489,33124352,987136,38727680,157429760,0,13176134,17185,12075,5110,1000000000,12656282,12074,1,0,0,0,519852,4901,209,0,0,0,0,0,2845996000,2845996000,2812462000,2812462000,33534000,33534000,2845996000,2812462000,33534000,93895,86521,7374,936318464,665032192,271286272,936318464,665032192,271286272,3285137000,1671,4267187500,382343750,3884843750,5080752128,4514312192,521683,898600960,752533504,641482752,527896576,527896576,544,0,1.31354219997408E+017,0,0,6353120,829596,11429,41521,94748,136269,4063039,391385323,79388273,470773596,228869007,357781504,3493593750,436875000,482031250,265365,2968750,27187500,98007,1,3493593750,3301562995,0,0,91256,0,0,45720,105623,4243988,492911783,138282982,241691194,848823,11565716,151343,1.31354215585E+017,12,44,544,0,45491,0,54583488,25090,30,101,3,5,7,16182,8908,104,661742,4145937500,332031250,3813906250,1.3135421999814E+017,0,0,0,0,0,0,0,545,235,14,0,310,Yanker
6,0,0,0,0,0,0,0,0,0,0,0,0,0,6,0,6,0,0,0,0,0,0,0,0,0,0,17459,12326,0,0,0,0,14,12452,5133,0,6,0,0,0,0,0,0,1096571,228683776,865169408,2147016704,16594,413649,179711,590384,203391,183049,99100,20342,98836480,23945216,81,76580,52908,33555668,91951104,92889088,98406400,7172096,2428928,5550080,6049792,91951104,211223,223324,218,65489,32059392,991232,38727680,157896704,0,13437215,17559,12346,5213,1000000000,12911709,12345,1,0,0,0,525506,5004,209,0,0,0,0,0,2846419000,2846419000,2812858000,2812858000,33561000,33561000,2846419000,2812858000,33561000,93916,86539,7377,936481280,665158144,271323136,936481280,665158144,271323136,3295934000,1671,4277968750,384218750,3893750000,5085081600,4515983360,522352,898600960,753238016,641482752,527720448,527720448,547,0,1.31354220008619E+017,0,0,6350752,830268,11427,41752,94990,136742,4185258,391644899,79649070,471293969,231804311,358547456,3493750000,438750000,491250000,267034,2968750,27656250,98336,2,3493750000,3301702326,0,0,91287,0,0,45951,105865,4366207,493171359,138543779,244626498,853389,11730991,151816,1.31354215585E+017,11,44,547,0,45491,0,54583488,25472,30,101,3,5,7,16457,9015,104,665792,4155000000,333125000,3821875000,1.31354220008921E+017,0,0,0,0,0,0,0,545,235,14,0,310,Yanker
6,0,0,0,0,0,0,0,0,0,0,0,0,0,6,0,6,0,0,0,0,0,0,0,0,0,0,17838,12622,0,0,0,0,14,12750,5217,0,6,0,0,0,0,0,0,1098634,233353216,856080384,2147016704,16594,415217,181200,590834,203635,183293,99133,20342,98856960,23945216,81,76494,52827,33555670,89284608,93954048,98443264,7172096,2428928,5550080,6049792,89284608,209004,227884,222,65489,32923648,159744,39616512,160813056,0,13771261,17937,12641,5296,1000000000,13241271,12640,1,0,0,0,529990,5087,209,0,0,0,0,0,2847698000,2847698000,2813794000,2813794000,33904000,33904000,2847698000,2813794000,33904000,94005,86573,7432,938032640,666131968,271900672,938032640,666131968,271900672,3306613000,1683,4289687500,386093750,3903593750,5085081600,4499845120,522914,898600960,752037888,641482752,519475200,519475200,547,0,1.31354220020376E+017,0,0,6347368,825708,11386,41982,95265,137247,4326647,391981423,80088703,472070126,235350529,356724736,3493750000,440625000,501093750,268837,2968750,27656250,98686,2,3493750000,3301702326,0,0,91287,0,0,46181,106140,4507596,493507883,138983412,248172716,858232,11910998,152321,1.31354215585E+017,14,44,547,0,45494,0,54583488,25868,30,101,3,5,7,16763,9105,106,670399,4166093750,335000000,3831093750,1.31354220021089E+017,0,0,0,0,0,0,0,545,235,14,0,310,Yanker
6,0,0,0,0,0,0,0,0,0,0,0,0,0,6,0,6,0,0,0,0,0,0,0,0,0,0,18192,12904,0,0,0,0,14,13036,5291,0,6,0,0,0,0,0,0,1100486,234758144,857432064,2147016704,16610,416315,182082,591544,203898,183556,99175,20342,98889728,23945216,81,76695,52848,33555670,86679552,93954048,98463744,7172096,2433024,5550080,6139904,86679552,209334,229256,223,65489,31367168,176128,39514112,163876864,0,14126938,18319,12947,5374,1000000000,13611233,12952,1,0,0,0,534419,5170,209,0,0,0,0,0,2849149000,2849149000,2814483000,2814483000,34666000,34666000,2849149000,2814483000,34666000,94188,86615,7573,939736576,667183104,272553472,939736576,667183104,272553472,3316384000,1683,4300781250,388437500,3912343750,5085089792,4499210240,523807,899047424,753553408,641482752,521719808,521719808,548,0,1.31354220031568E+017,0,0,6345200,825956,11389,42245,95636,137881,4449650,392322295,80861940,473184235,238371269,358322176,3493750000,442812500,510000000,270767,2968750,27812500,99157,10,3493750000,3301742726,0,0,91293,0,0,46444,106511,4630599,493848755,139756649,251193456,863100,12071290,152955,1.31354215585E+017,10,44,548,0,45494,0,54583488,26350,30,101,3,5,7,17165,9209,107,674917,4175781250,336875000,3838906250,1.3135422003232E+017,0,0,0,0,0,0,0,545,235,14,0,310,Yanker
6,0,0,0,0,0,0,0,0,0,0,0,0,0,6,0,6,0,0,0,0,0,0,0,0,0,0,18693,13290,0,0,0,0,14,13416,5403,0,6,0,0,0,0,0,0,1102062,232423424,857284608,2147016704,16611,417157,182917,592279,203898,183556,99175,20342,98856960,23945216,81,76602,52830,33555668,88428544,93954048,98459648,7172096,2433024,5550080,6139904,88428544,209298,226976,221,65489,30773248,167936,40374272,161275904,0,14561816,18789,13307,5482,1000000000,14021689,13306,1,0,0,0,540127,5273,209,0,0,0,0,0,2849838000,2849838000,2814996000,2814996000,34842000,34842000,2849838000,2814996000,34842000,94235,86624,7611,940265984,667330560,272935424,940265984,667330560,272935424,3326869000,1691,4311562500,391250000,3920312500,5085089792,4500774912,524540,899604480,753819648,641736704,520192000,520192000,547,0,1.31354220042623E+017,0,0,6349280,826436,11384,42489,95948,138437,4572388,392790095,81333122,474123217,241366977,357531648,3493750000,445625000,518281250,272488,3281250,27812500,99465,1,3493750000,3301742726,0,0,91293,0,0,46688,106823,4753337,494316555,140227831,254189164,867778,12225982,153511,1.31354215585E+017,9,44,547,0,45494,0,54583488,26723,30,101,3,5,7,17430,9293,107,679028,4185000000,339062500,3845937500,1.31354220042935E+017,0,0,0,0,0,0,0,545,235,14,0,310,Yanker
6,0,0,0,0,0,0,0,0,0,0,0,0,0,6,0,6,0,0,0,0,0,0,0,0,0,0,18899,13447,0,0,0,0,14,13573,5452,0,6,0,0,0,0,0,0,1105426,227344384,861577216,2147016704,16611,418080,183833,594719,203898,183556,99175,20342,98852864,23945216,81,76492,52839,33555668,91394048,93954048,98451456,7172096,2433024,5550080,6139904,91394048,210346,222016,216,65489,28663808,172032,40378368,158302208,0,14745791,18995,13464,5531,1000000000,14201895,13463,1,0,0,0,543896,5322,209,0,0,0,0,0,2849838000,2849838000,2814996000,2814996000,34842000,34842000,2849838000,2814996000,34842000,94235,86624,7611,940265984,667330560,272935424,940265984,667330560,272935424,3338444000,1691,4323125000,394687500,3928437500,5091414016,4508323840,526982,903303168,756445184,647331840,524615680,524615680,550,0,1.31354220054195E+017,0,0,6355496,828476,11379,42690,96163,138853,4693888,392989855,81534102,474523957,244317715,360853504,3493750000,449062500,526406250,274074,3281250,27812500,99662,1,3493750000,3301742726,0,0,91293,0,0,46889,107038,4874837,494516315,140428811,257139902,872366,12383287,153927,1.31354215585E+017,11,45,550,0,45494,0,54583488,26963,30,101,3,5,7,17605,9362,109,683208,4195781250,342031250,3853750000,1.31354220054976E+017,0,0,0,0,0,0,0,545,235,14,0,310,Yanker
6,0,0,0,0,0,0,0,0,0,0,0,0,0,6,0,6,0,0,0,0,0,0,0,0,0,0,18914,13455,0,0,0,0,14,13581,5459,0,6,0,0,0,0,0,0,1111208,217227264,865533952,2147016704,16735,421780,185184,596391,204535,184193,99257,20342,98893824,23949312,81,76752,52898,33555668,94302208,94302208,98500608,7172096,2433024,5550080,6139904,94302208,211312,212136,207,65489,20946944,135168,37310464,158969856,0,14746709,19010,13472,5538,1000000000,14202432,13471,1,0,0,0,544277,5329,209,0,0,0,0,0,2852509000,2852509000,2817012000,2817012000,35497000,35497000,2852509000,2817012000,35497000,94388,86704,7684,945594880,670027776,275567104,945594880,670027776,275567104,3347529000,1693,4334375000,397968750,3936406250,5160878080,4571901952,531392,913629184,768290816,654848000,527597568,527597568,556,0,1.31354220065455E+017,0,0,6477992,836324,11785,42811,96304,139115,4806650,395176479,83655269,478831748,247008521,366305280,3493750000,452343750,534375000,275696,3281250,27812500,99943,2,3493750000,3301742726,0,0,91293,0,0,47010,107179,4987599,496702939,142549978,259830708,876804,12532922,154189,1.31354215585E+017,12,45,555,0,45494,0,54583488,26983,28,101,3,5,7,17617,9366,112,687139,4205312500,344843750,3860468750,1.31354220066304E+017,0,0,0,0,0,0,0,545,235,14,0,310,Yanker
6,0,0,0,0,0,0,0,0,0,0,0,0,0,6,0,6,0,0,0,0,0,0,0,0,0,0,18915,13456,0,0,0,0,14,13582,5459,0,6,0,0,0,0,0,0,1112394,220008448,861753344,2147016704,16747,422543,185806,596799,204627,184285,99273,20342,98885632,23973888,81,76820,52865,33555669,93364224,94920704,98484224,7172096,2433024,5550080,6139904,93364224,210389,214852,209,65489,21204992,147456,37322752,161480704,0,14748336,19012,13473,5539,1000000000,14203910,13472,1,0,0,0,544426,5329,210,0,0,0,0,0,2852672000,2852672000,2817133000,2817133000,35539000,35539000,2852672000,2817133000,35539000,94412,86719,7693,946018304,670392832,275625472,946018304,670392832,275625472,3358677000,1695,4345468750,401093750,3944375000,5088239616,4505231360,528606,903315456,761421824,647131136,524771328,524771328,548,0,1.31354220076773E+017,0,0,6345248,826180,11378,42925,96400,139325,4927847,393030851,81577540,474608391,249962881,365023232,3493750000,455468750,542656250,277156,3281250,27968750,100079,1,3493750000,3301742726,0,0,91293,0,0,47131,107301,5109380,496724335,142572595,262791322,881107,12689597,154432,1.31354215585E+017,11,44,548,0,45494,0,54583488,26984,28,101,3,5,7,17618,9366,112,687608,4212031250,347343750,3864687500,1.31354220077066E+017,0,0,0,0,0,0,0,545,235,14,0,310,Yanker
6,0,0,0,0,0,0,0,0,0,0,0,0,0,6,0,6,0,0,0,0,0,0,0,0,0,0,19041,13553,0,0,0,0,14,13681,5489,0,6,0,0,0,0,0,0,1113345,225710080,854220800,2147016704,16747,423210,186511,597045,204664,184322,99310,20342,98865152,23949312,81,76989,52911,33555668,95039488,95039488,98471936,7172096,2433024,5550080,6139904,95039488,208550,220420,215,65489,28397568,126976,37326848,159985664,0,14869777,19153,13580,5573,1000000000,14323420,13584,1,0,0,0,546411,5363,211,0,0,0,0,0,2853113000,2853113000,2817522000,2817522000,35591000,35591000,2853113000,2817522000,35591000,94462,86758,7704,946329600,670577152,275752448,946329600,670577152,275752448,3370082000,1695,4357187500,404062500,3953125000,5088239616,4503126016,528820,903315456,761581568,647131136,524763136,524763136,546,0,1.31354220088599E+017,0,0,6343264,825100,11359,43095,96578,139673,5061493,393161783,81709694,474871477,253155821,365182976,3493906250,458437500,551250000,279035,3437500,27968750,100313,5,3493906250,3301925818,0,0,91345,0,0,47301,107479,5243026,496855267,142704749,265984262,886000,12867131,154780,1.31354215585E+017,12,44,546,0,45494,0,54583488,27130,28,101,3,5,7,17730,9401,112,692161,4222656250,350156250,3872500000,1.31354220089283E+017,0,0,0,0,0,0,0,545,235,14,0,310,Yanker
6,0,0,0,0,0,0,0,0,0,0,0,0,0,6,0,6,0,0,0,0,0,0,0,0,0,0,19226,13687,0,0,0,0,14,13813,5539,0,6,0,0,0,0,0,0,1113915,225984512,854892544,2147016704,16747,423633,186933,597189,204666,184324,99312,20342,98877440,23969792,81,77309,52988,33555667,94560256,95457280,98471936,7172096,2433024,5550080,6139904,94560256,208714,220688,215,65489,28205056,196608,37326848,160452608,0,14990479,19324,13704,5620,1000000000,14441572,13703,1,0,0,0,548907,5409,211,0,0,0,0,0,2853443000,2853443000,2817732000,2817732000,35711000,35711000,2853443000,2817732000,35711000,94495,86767,7728,946696192,670700032,275996160,946696192,670700032,275996160,3380833000,1697,4368125000,407031250,3961093750,5088239616,4503126016,528968,903315456,762085376,647131136,525381632,525381632,546,0,1.31354220099634E+017,0,0,6343456,825932,11365,43259,96750,140009,5191889,393301995,81851128,475153123,256266453,365686784,3493906250,461406250,559375000,280571,3437500,28125000,100531,1,3493906250,3301929480,0,0,91346,0,0,47465,107651,5373422,496995479,142846183,269094894,890193,13040626,155116,1.31354215585E+017,12,44,546,0,45494,0,54583488,27327,28,102,3,5,7,17865,9462,112,695818,4232187500,352812500,3879375000,1.31354220099908E+017,0,0,0,0,0,0,0,545,235,14,0,310,Yanker
6,0,0,0,0,0,0,0,0,0,0,0,0,0,6,0,6,0,0,0,0,0,0,0,0,0,0,19273,13721,0,0,0,0,14,13847,5552,0,6,0,0,0,0,0,0,1114943,224555008,855068672,2147016704,16747,424385,187681,597464,204666,184324,99312,20342,98967552,23949312,81,77680,53040,33555668,95617024,95715328,98566144,7172096,2433024,5550080,6139904,95617024,208757,219292,214,65489,27803648,237568,37400576,159350784,0,15024432,19372,13738,5634,1000000000,14473598,13737,1,0,0,0,550834,5422,212,0,0,0,0,0,2853883000,2853883000,2818031000,2818031000,35852000,35852000,2853883000,2818031000,35852000,94518,86772,7746,947220480,670814720,276405760,947220480,670814720,276405760,3392306000,1697,4380000000,409531250,3970468750,5088239616,4501823488,529228,903315456,762363904,647131136,525561856,525561856,542,0,1.31354220111558E+017,0,0,6343376,825148,11332,43402,96899,140301,5337619,393367355,81917710,475285065,259702171,365940736,3493906250,463906250,568750000,282127,3437500,28125000,100700,1,3493906250,3301929480,0,0,91346,0,0,47608,107800,5519152,497060839,142912765,272530612,894445,13229798,155408,1.31354215585E+017,9,44,542,0,45494,0,54583488,27389,28,102,3,5,7,17907,9482,113,699435,4242968750,355156250,3887812500,1.31354220111832E+017,0,0,0,0,0,0,0,545,235,14,0,310,Yanker
6,0,0,0,0,0,0,0,0,0,0,0,0,0,6,0,6,0,0,0,0,0,0,0,0,0,0,19282,13726,0,0,0,0,14,13852,5556,0,6,0,0,0,0,0,0,1115404,223092736,854970368,2147016704,16748,424813,188117,597484,204682,184340,99325,20342,98947072,23945216,81,77918,53058,33555668,97017856,97017856,98557952,7172096,2433024,5550080,6139904,97017856,208733,217864,212,65489,27639808,237568,37433344,158019584,0,15025678,19381,13743,5638,1000000000,14474059,13742,1,0,0,0,551619,5426,212,0,0,0,0,0,2854228000,2854228000,2818328000,2818328000,35900000,35900000,2854228000,2818328000,35900000,94548,86788,7760,947847680,671044096,276803584,947847680,671044096,276803584,3403674000,1699,4391718750,412812500,3978906250,5088239616,4502601728,529250,903315456,762351616,647131136,525680640,525680640,542,0,1.31354220123238E+017,0,0,6342368,825196,11331,43532,97030,140562,5475654,393391903,81943479,475335382,262974953,365936640,3494062500,467187500,577031250,283625,3437500,28125000,100850,1,3494062500,3302040542,0,0,91372,0,0,47738,107931,5657187,497085387,142938534,275803394,898479,13411089,155669,1.31354215585E+017,7,44,542,0,45494,0,54583488,27421,29,102,3,5,7,17924,9497,114,703118,4253281250,358125000,3895156250,1.31354220123531E+017,0,0,0,0,0,0,0,545,235,14,0,310,Yanker
6,0,0,0,0,0,0,0,0,0,0,0,0,0,6,0,6,0,0,0,0,0,0,0,0,0,0,19284,13727,0,0,0,0,14,13853,5557,0,6,0,0,0,0,0,0,1116237,225333248,850915328,2147016704,16748,425323,188704,597730,204694,184352,99337,20342,99000320,23945216,81,78104,53144,33555670,98299904,98299904,98578432,7172096,2433024,5550080,6139904,98299904,207743,220052,214,65489,31666176,245760,37502976,156164096,0,15025797,19383,13744,5639,1000000000,14474123,13743,1,0,0,0,551674,5427,212,0,0,0,0,0,2854354000,2854354000,2818454000,2818454000,35900000,35900000,2854354000,2818454000,35900000,94559,86799,7760,947892736,671089152,276803584,947892736,671089152,276803584,3414958000,1699,4403125000,415625000,3987500000,5088239616,4503126016,529491,903315456,758337536,647131136,521756672,521756672,543,0,1.31354220134664E+017,0,0,6342368,825388,11322,43659,97158,140817,5598001,393415459,81968256,475383715,265889337,361922560,3494687500,470000000,585000000,285220,3437500,28125000,100985,1,3494687500,3302399379,0,0,91420,0,0,47865,108059,5779534,497108943,142963311,278717778,904678,13582879,155924,1.31354215585E+017,8,44,543,0,45494,0,54583488,27438,29,102,3,5,7,17933,9505,115,708962,4263281250,360625000,3902812500,1.31354220134947E+017,0,0,0,0,0,0,0,545,235,14,0,310,Yanker
